"Status","Start Time","Stop Time","Duration in ms","Parent Suite","Suite","Sub Suite","Test Class","Test Method","Name","Description"
"passed","Thu Dec 18 08:49:03 UTC 2025","Thu Dec 18 08:49:29 UTC 2025","25942","tests","test_login","","","","test_login[Sumit+33@blitzz.co-wrong_password-False]","
    Test login functionality with valid and invalid credentials.
    "
"passed","Thu Dec 18 08:49:35 UTC 2025","Thu Dec 18 08:49:59 UTC 2025","23339","tests","test_login","","","","test_login[wrong_user@example.com-wrong_password-False]","
    Test login functionality with valid and invalid credentials.
    "
"passed","Thu Dec 18 08:48:13 UTC 2025","Thu Dec 18 08:48:28 UTC 2025","14641","tests","test_login","","","","test_login[Sumit+33@blitzz.co-Test@1234567#-True]","
    Test login functionality with valid and invalid credentials.
    "
"passed","Thu Dec 18 08:48:34 UTC 2025","Thu Dec 18 08:48:57 UTC 2025","23366","tests","test_login","","","","test_login[wrong_user@example.com-Test@1234567#-False]","
    Test login functionality with valid and invalid credentials.
    "
